<?xml version="1.0" encoding="UTF-8"?>

<mule xmlns:dw="http://www.mulesoft.org/schema/mule/ee/dw" xmlns:ws="http://www.mulesoft.org/schema/mule/ws" xmlns:metadata="http://www.mulesoft.org/schema/mule/metadata" xmlns:http="http://www.mulesoft.org/schema/mule/http" xmlns="http://www.mulesoft.org/schema/mule/core" xmlns:doc="http://www.mulesoft.org/schema/mule/documentation"
	xmlns:spring="http://www.springframework.org/schema/beans" 
	xmlns:xsi="http://www.w3.org/2001/XMLSchema-instance"
	xsi:schemaLocation="http://www.springframework.org/schema/beans http://www.springframework.org/schema/beans/spring-beans-current.xsd
http://www.mulesoft.org/schema/mule/core http://www.mulesoft.org/schema/mule/core/current/mule.xsd
http://www.mulesoft.org/schema/mule/ws http://www.mulesoft.org/schema/mule/ws/current/mule-ws.xsd
http://www.mulesoft.org/schema/mule/http http://www.mulesoft.org/schema/mule/http/current/mule-http.xsd
http://www.mulesoft.org/schema/mule/ee/dw http://www.mulesoft.org/schema/mule/ee/dw/current/dw.xsd">
    <ws:consumer-config name="Web_Service_Consumer" wsdlLocation="http://mu.mulesoft-training.com/essentials/delta?wsdl" service="TicketServiceService" port="TicketServicePort" serviceAddress="http://training-u.cloudhub.io/essentials/delta" connectorConfig="HTTP_Request_Configuration" doc:name="Web Service Consumer"/>
    <http:listener-config name="HTTP_Listener_Configuration" host="0.0.0.0" port="8081" doc:name="HTTP Listener Configuration"/>
    <http:request-config name="HTTP_Request_Configuration" doc:name="HTTP Request Configuration">
        <http:proxy host="172.17.2.218" port="8085"/>
    </http:request-config>
    <flow name="soapwebserviceFlow">
        <http:listener config-ref="HTTP_Listener_Configuration" path="/" doc:name="HTTP"/>
        <flow-ref name="soapwebserviceFlow" doc:name="soapwebserviceFlow"/>
        <ws:consumer config-ref="Web_Service_Consumer" operation="listAllFlights" doc:name="Web Service Consumer"/>
        <dw:transform-message doc:name="Transform Message" metadata:id="447996f7-aae5-4b50-88b3-2ccf89173fd7">
            <dw:set-payload><![CDATA[%dw 1.0
%output application/json
%namespace ns0 http://soap.training.mulesoft.com/
---
payload.ns0#listAllFlightsResponse.*return map ((return , indexOfReturn) -> {
	airline: return.airlineName,
	flightCode: return.code,
	fromAirportCode: return.origin,
	toAirportCode: return.destination,
	departureDate: return.departureDate,
	emptySeats: return.emptySeats,
	price: return.price,
	planeType: return.planeType
})]]></dw:set-payload>
        </dw:transform-message>
        <logger message="#[message.payloadAs(java.lang.String)]" level="INFO" doc:name="Logger"/>
    </flow>
</mule>
