<?xml version="1.0" encoding="UTF-8"?>

<mule xmlns:db="http://www.mulesoft.org/schema/mule/db" xmlns:http="http://www.mulesoft.org/schema/mule/http" xmlns:jms="http://www.mulesoft.org/schema/mule/jms" xmlns="http://www.mulesoft.org/schema/mule/core" xmlns:doc="http://www.mulesoft.org/schema/mule/documentation"
	xmlns:spring="http://www.springframework.org/schema/beans" 
	xmlns:xsi="http://www.w3.org/2001/XMLSchema-instance"
	xsi:schemaLocation="http://www.springframework.org/schema/beans http://www.springframework.org/schema/beans/spring-beans-current.xsd
http://www.mulesoft.org/schema/mule/core http://www.mulesoft.org/schema/mule/core/current/mule.xsd
http://www.mulesoft.org/schema/mule/http http://www.mulesoft.org/schema/mule/http/current/mule-http.xsd
http://www.mulesoft.org/schema/mule/jms http://www.mulesoft.org/schema/mule/jms/current/mule-jms.xsd
http://www.mulesoft.org/schema/mule/db http://www.mulesoft.org/schema/mule/db/current/mule-db.xsd">
    <http:listener-config name="HTTP_Listener_Configuration" host="0.0.0.0" port="8081" doc:name="HTTP Listener Configuration"/>
    <jms:activemq-connector name="Active_MQ" username="admin" password="admin" brokerURL="tcp://localhost:61616" validateConnections="true" doc:name="Active MQ"/>
    <jms:activemq-connector name="Active_MQ1" username="admin" password="admin" brokerURL="tcp://localhost:61616" validateConnections="true" doc:name="Active MQ"/>
    <jms:activemq-connector name="Active_MQ2" username="admin" password="admin" brokerURL="tcp://localhost:61616" validateConnections="true" doc:name="Active MQ"/>
    <db:mysql-config name="MySQL_Configuration" host="localhost" port="3306" user="root" password="Welcome123" database="mulesoft" doc:name="MySQL Configuration"/>
    <flow name="maven_jms_databaseFlow">
        <http:listener config-ref="HTTP_Listener_Configuration" path="/postId" allowedMethods="POST" doc:name="HTTP"/>
        <request-reply doc:name="Request-Reply">
            <jms:outbound-endpoint queue="jojo" connector-ref="Active_MQ" doc:name="JMS"/>
            <jms:inbound-endpoint queue="jojo_reply" connector-ref="Active_MQ1" doc:name="JMS"/>
        </request-reply>
        <logger message="#[payload]" level="INFO" doc:name="Logger"/>
    </flow>
    <flow name="maven_jms_databaseFlow1">
        <jms:inbound-endpoint queue="jojo" connector-ref="Active_MQ2" doc:name="JMS"/>
        <db:select config-ref="MySQL_Configuration" doc:name="Database">
            <db:parameterized-query><![CDATA[select * from orchard;]]></db:parameterized-query>
        </db:select>
    </flow>
</mule>
