<metadata__catalog__entry>
  <version>5.2.0.0</version>
  <types class="tree-map">
    <entry>
      <org.mule.common.metadata.DefaultMetaDataKey>
        <id>sum</id>
        <displayName>sum</displayName>
        <category>DEFAULT</category>
        <metaDataKeyPropertiesManager>
          <properties>
            <org.mule.common.metadata.key.property.dsql.DsqlFromMetaDataKeyProperty/>
          </properties>
        </metaDataKeyPropertiesManager>
      </org.mule.common.metadata.DefaultMetaDataKey>
      <org.mule.common.metadata.DefaultXmlMetaDataModel>
        <dataType>XML</dataType>
        <metaDataModelPropertiesManager>
          <properties>
            <org.mule.common.metadata.property.TextBasedExampleMetaDataModelProperty/>
            <org.mule.common.metadata.property.xml.SchemaTypeMetaDataProperty>
              <typeQName>
                <namespaceURI>http://myweb.app/</namespaceURI>
                <localPart>sum</localPart>
                <prefix></prefix>
              </typeQName>
            </org.mule.common.metadata.property.xml.SchemaTypeMetaDataProperty>
            <org.mule.common.metadata.property.StructureIdentifierMetaDataModelProperty>
              <metaDataKey class="org.mule.common.metadata.DefaultMetaDataKey" reference="../../../../../org.mule.common.metadata.DefaultMetaDataKey"/>
              <derivedStructure>false</derivedStructure>
              <generatedStructure>false</generatedStructure>
            </org.mule.common.metadata.property.StructureIdentifierMetaDataModelProperty>
          </properties>
        </metaDataModelPropertiesManager>
        <fields>
          <org.mule.common.metadata.DefaultMetaDataField>
            <name>arg0</name>
            <model class="org.mule.common.metadata.DefaultSimpleMetaDataModel">
              <dataType>INTEGER</dataType>
              <metaDataModelPropertiesManager>
                <properties>
                  <org.mule.common.metadata.property.xml.SchemaTypeMetaDataProperty>
                    <typeQName>
                      <namespaceURI>http://www.w3.org/2001/XMLSchema</namespaceURI>
                      <localPart>int</localPart>
                      <prefix></prefix>
                    </typeQName>
                  </org.mule.common.metadata.property.xml.SchemaTypeMetaDataProperty>
                </properties>
              </metaDataModelPropertiesManager>
            </model>
            <accessType>READ_WRITE</accessType>
            <metaDataFieldPropertyManager>
              <properties>
                <org.mule.common.metadata.property.QNameMetaDataProperty>
                  <name>
                    <namespaceURI></namespaceURI>
                    <localPart>arg0</localPart>
                    <prefix></prefix>
                  </name>
                </org.mule.common.metadata.property.QNameMetaDataProperty>
              </properties>
            </metaDataFieldPropertyManager>
          </org.mule.common.metadata.DefaultMetaDataField>
          <org.mule.common.metadata.DefaultMetaDataField>
            <name>arg1</name>
            <model class="org.mule.common.metadata.DefaultSimpleMetaDataModel">
              <dataType>INTEGER</dataType>
              <metaDataModelPropertiesManager>
                <properties>
                  <org.mule.common.metadata.property.xml.SchemaTypeMetaDataProperty>
                    <typeQName reference="../../../../../../org.mule.common.metadata.DefaultMetaDataField/model/metaDataModelPropertiesManager/properties/org.mule.common.metadata.property.xml.SchemaTypeMetaDataProperty/typeQName"/>
                  </org.mule.common.metadata.property.xml.SchemaTypeMetaDataProperty>
                </properties>
              </metaDataModelPropertiesManager>
            </model>
            <accessType>READ_WRITE</accessType>
            <metaDataFieldPropertyManager>
              <properties>
                <org.mule.common.metadata.property.QNameMetaDataProperty>
                  <name>
                    <namespaceURI></namespaceURI>
                    <localPart>arg1</localPart>
                    <prefix></prefix>
                  </name>
                </org.mule.common.metadata.property.QNameMetaDataProperty>
              </properties>
            </metaDataFieldPropertyManager>
          </org.mule.common.metadata.DefaultMetaDataField>
        </fields>
        <rootElement>
          <namespaceURI>http://myweb.app/</namespaceURI>
          <localPart>sum</localPart>
          <prefix>ns0</prefix>
        </rootElement>
        <schemas class="org.mule.common.metadata.StringBasedSchemaProvider">
          <schemas>
            <string>&lt;?xml version=&quot;1.0&quot; encoding=&quot;UTF-8&quot;?&gt;&lt;xs:schema xmlns:xs=&quot;http://www.w3.org/2001/XMLSchema&quot; xmlns:ns1=&quot;http://schemas.xmlsoap.org/soap/http&quot; xmlns:soap=&quot;http://schemas.xmlsoap.org/wsdl/soap/&quot; xmlns:tns=&quot;http://myweb.app/&quot; xmlns:wsdl=&quot;http://schemas.xmlsoap.org/wsdl/&quot; xmlns:xsd=&quot;http://www.w3.org/2001/XMLSchema&quot; elementFormDefault=&quot;unqualified&quot; targetNamespace=&quot;http://myweb.app/&quot; version=&quot;1.0&quot;&gt;&#xd;
&#xd;
  &lt;xs:element name=&quot;helloWorldFunc&quot; type=&quot;tns:helloWorldFunc&quot;/&gt;&#xd;
&#xd;
  &lt;xs:element name=&quot;helloWorldFuncResponse&quot; type=&quot;tns:helloWorldFuncResponse&quot;/&gt;&#xd;
&#xd;
  &lt;xs:element name=&quot;sum&quot; type=&quot;tns:sum&quot;/&gt;&#xd;
&#xd;
  &lt;xs:element name=&quot;sumResponse&quot; type=&quot;tns:sumResponse&quot;/&gt;&#xd;
&#xd;
  &lt;xs:complexType name=&quot;helloWorldFunc&quot;&gt;&#xd;
    &lt;xs:sequence&gt;&#xd;
      &lt;xs:element minOccurs=&quot;0&quot; name=&quot;arg0&quot; type=&quot;xs:string&quot;/&gt;&#xd;
    &lt;/xs:sequence&gt;&#xd;
  &lt;/xs:complexType&gt;&#xd;
&#xd;
  &lt;xs:complexType name=&quot;helloWorldFuncResponse&quot;&gt;&#xd;
    &lt;xs:sequence&gt;&#xd;
      &lt;xs:element minOccurs=&quot;0&quot; name=&quot;return&quot; type=&quot;xs:string&quot;/&gt;&#xd;
    &lt;/xs:sequence&gt;&#xd;
  &lt;/xs:complexType&gt;&#xd;
&#xd;
  &lt;xs:complexType name=&quot;sum&quot;&gt;&#xd;
    &lt;xs:sequence&gt;&#xd;
      &lt;xs:element name=&quot;arg0&quot; type=&quot;xs:int&quot;/&gt;&#xd;
      &lt;xs:element name=&quot;arg1&quot; type=&quot;xs:int&quot;/&gt;&#xd;
    &lt;/xs:sequence&gt;&#xd;
  &lt;/xs:complexType&gt;&#xd;
&#xd;
  &lt;xs:complexType name=&quot;sumResponse&quot;&gt;&#xd;
    &lt;xs:sequence&gt;&#xd;
      &lt;xs:element name=&quot;return&quot; type=&quot;xs:int&quot;/&gt;&#xd;
    &lt;/xs:sequence&gt;&#xd;
  &lt;/xs:complexType&gt;&#xd;
&#xd;
&lt;/xs:schema&gt;</string>
          </schemas>
          <encoding>windows-1252</encoding>
          <baseUri>http://localhost:8081/web?wsdl</baseUri>
        </schemas>
        <namespaceManager>
          <namespacePrefix class="tree-map">
            <entry>
              <string>http://myweb.app/</string>
              <string>ns0</string>
            </entry>
          </namespacePrefix>
        </namespaceManager>
      </org.mule.common.metadata.DefaultXmlMetaDataModel>
    </entry>
    <entry>
      <org.mule.common.metadata.DefaultMetaDataKey>
        <id>sumResponse</id>
        <displayName>sumResponse</displayName>
        <category>DEFAULT</category>
        <metaDataKeyPropertiesManager>
          <properties>
            <org.mule.common.metadata.key.property.dsql.DsqlFromMetaDataKeyProperty/>
          </properties>
        </metaDataKeyPropertiesManager>
      </org.mule.common.metadata.DefaultMetaDataKey>
      <org.mule.common.metadata.DefaultXmlMetaDataModel>
        <dataType>XML</dataType>
        <metaDataModelPropertiesManager>
          <properties>
            <org.mule.common.metadata.property.TextBasedExampleMetaDataModelProperty/>
            <org.mule.common.metadata.property.xml.SchemaTypeMetaDataProperty>
              <typeQName>
                <namespaceURI>http://myweb.app/</namespaceURI>
                <localPart>sumResponse</localPart>
                <prefix></prefix>
              </typeQName>
            </org.mule.common.metadata.property.xml.SchemaTypeMetaDataProperty>
            <org.mule.common.metadata.property.StructureIdentifierMetaDataModelProperty>
              <metaDataKey class="org.mule.common.metadata.DefaultMetaDataKey" reference="../../../../../org.mule.common.metadata.DefaultMetaDataKey"/>
              <derivedStructure>false</derivedStructure>
              <generatedStructure>false</generatedStructure>
            </org.mule.common.metadata.property.StructureIdentifierMetaDataModelProperty>
          </properties>
        </metaDataModelPropertiesManager>
        <fields>
          <org.mule.common.metadata.DefaultMetaDataField>
            <name>return</name>
            <model class="org.mule.common.metadata.DefaultSimpleMetaDataModel">
              <dataType>INTEGER</dataType>
              <metaDataModelPropertiesManager>
                <properties>
                  <org.mule.common.metadata.property.xml.SchemaTypeMetaDataProperty>
                    <typeQName reference="../../../../../../../../../entry/org.mule.common.metadata.DefaultXmlMetaDataModel/fields/org.mule.common.metadata.DefaultMetaDataField/model/metaDataModelPropertiesManager/properties/org.mule.common.metadata.property.xml.SchemaTypeMetaDataProperty/typeQName"/>
                  </org.mule.common.metadata.property.xml.SchemaTypeMetaDataProperty>
                </properties>
              </metaDataModelPropertiesManager>
            </model>
            <accessType>READ_WRITE</accessType>
            <metaDataFieldPropertyManager>
              <properties>
                <org.mule.common.metadata.property.QNameMetaDataProperty>
                  <name>
                    <namespaceURI></namespaceURI>
                    <localPart>return</localPart>
                    <prefix></prefix>
                  </name>
                </org.mule.common.metadata.property.QNameMetaDataProperty>
              </properties>
            </metaDataFieldPropertyManager>
          </org.mule.common.metadata.DefaultMetaDataField>
        </fields>
        <rootElement>
          <namespaceURI>http://myweb.app/</namespaceURI>
          <localPart>sumResponse</localPart>
          <prefix>ns0</prefix>
        </rootElement>
        <schemas class="org.mule.common.metadata.StringBasedSchemaProvider">
          <schemas>
            <string>&lt;?xml version=&quot;1.0&quot; encoding=&quot;UTF-8&quot;?&gt;&lt;xs:schema xmlns:xs=&quot;http://www.w3.org/2001/XMLSchema&quot; xmlns:ns1=&quot;http://schemas.xmlsoap.org/soap/http&quot; xmlns:soap=&quot;http://schemas.xmlsoap.org/wsdl/soap/&quot; xmlns:tns=&quot;http://myweb.app/&quot; xmlns:wsdl=&quot;http://schemas.xmlsoap.org/wsdl/&quot; xmlns:xsd=&quot;http://www.w3.org/2001/XMLSchema&quot; elementFormDefault=&quot;unqualified&quot; targetNamespace=&quot;http://myweb.app/&quot; version=&quot;1.0&quot;&gt;&#xd;
&#xd;
  &lt;xs:element name=&quot;helloWorldFunc&quot; type=&quot;tns:helloWorldFunc&quot;/&gt;&#xd;
&#xd;
  &lt;xs:element name=&quot;helloWorldFuncResponse&quot; type=&quot;tns:helloWorldFuncResponse&quot;/&gt;&#xd;
&#xd;
  &lt;xs:element name=&quot;sum&quot; type=&quot;tns:sum&quot;/&gt;&#xd;
&#xd;
  &lt;xs:element name=&quot;sumResponse&quot; type=&quot;tns:sumResponse&quot;/&gt;&#xd;
&#xd;
  &lt;xs:complexType name=&quot;helloWorldFunc&quot;&gt;&#xd;
    &lt;xs:sequence&gt;&#xd;
      &lt;xs:element minOccurs=&quot;0&quot; name=&quot;arg0&quot; type=&quot;xs:string&quot;/&gt;&#xd;
    &lt;/xs:sequence&gt;&#xd;
  &lt;/xs:complexType&gt;&#xd;
&#xd;
  &lt;xs:complexType name=&quot;helloWorldFuncResponse&quot;&gt;&#xd;
    &lt;xs:sequence&gt;&#xd;
      &lt;xs:element minOccurs=&quot;0&quot; name=&quot;return&quot; type=&quot;xs:string&quot;/&gt;&#xd;
    &lt;/xs:sequence&gt;&#xd;
  &lt;/xs:complexType&gt;&#xd;
&#xd;
  &lt;xs:complexType name=&quot;sum&quot;&gt;&#xd;
    &lt;xs:sequence&gt;&#xd;
      &lt;xs:element name=&quot;arg0&quot; type=&quot;xs:int&quot;/&gt;&#xd;
      &lt;xs:element name=&quot;arg1&quot; type=&quot;xs:int&quot;/&gt;&#xd;
    &lt;/xs:sequence&gt;&#xd;
  &lt;/xs:complexType&gt;&#xd;
&#xd;
  &lt;xs:complexType name=&quot;sumResponse&quot;&gt;&#xd;
    &lt;xs:sequence&gt;&#xd;
      &lt;xs:element name=&quot;return&quot; type=&quot;xs:int&quot;/&gt;&#xd;
    &lt;/xs:sequence&gt;&#xd;
  &lt;/xs:complexType&gt;&#xd;
&#xd;
&lt;/xs:schema&gt;</string>
          </schemas>
          <encoding reference="../../../../entry/org.mule.common.metadata.DefaultXmlMetaDataModel/schemas/encoding"/>
          <baseUri>http://localhost:8081/web?wsdl</baseUri>
        </schemas>
        <namespaceManager>
          <namespacePrefix class="tree-map">
            <entry>
              <string>http://myweb.app/</string>
              <string>ns0</string>
            </entry>
          </namespacePrefix>
        </namespaceManager>
      </org.mule.common.metadata.DefaultXmlMetaDataModel>
    </entry>
  </types>
  <connectorName>Web_Service_Consumer</connectorName>
</metadata__catalog__entry>