<?xml version="1.0" encoding="UTF-8"?>

<mule xmlns:metadata="http://www.mulesoft.org/schema/mule/metadata" xmlns:context="http://www.springframework.org/schema/context" xmlns:dw="http://www.mulesoft.org/schema/mule/ee/dw" xmlns:http="http://www.mulesoft.org/schema/mule/http" xmlns="http://www.mulesoft.org/schema/mule/core" xmlns:doc="http://www.mulesoft.org/schema/mule/documentation"
	xmlns:spring="http://www.springframework.org/schema/beans" 
	xmlns:xsi="http://www.w3.org/2001/XMLSchema-instance"
	xsi:schemaLocation="http://www.springframework.org/schema/beans http://www.springframework.org/schema/beans/spring-beans-current.xsd
http://www.mulesoft.org/schema/mule/core http://www.mulesoft.org/schema/mule/core/current/mule.xsd
http://www.mulesoft.org/schema/mule/http http://www.mulesoft.org/schema/mule/http/current/mule-http.xsd
http://www.mulesoft.org/schema/mule/ee/dw http://www.mulesoft.org/schema/mule/ee/dw/current/dw.xsd
http://www.springframework.org/schema/context http://www.springframework.org/schema/context/spring-context-current.xsd">
    <http:listener-config name="HTTP_Listener_Configuration" host="0.0.0.0" port="8081" doc:name="HTTP Listener Configuration"/>
    <context:property-placeholder location="Flights-${env}.properties"/>
    <http:request-config name="HTTP_Request_Configuration" host="${united.host}" port="80" doc:name="HTTP Request Configuration">
        <http:proxy host="172.17.2.218" port="8085"/>
    </http:request-config>
    <flow name="passingargumentrestfulwebserviceFlow">
        <http:listener config-ref="HTTP_Listener_Configuration" path="/" doc:name="HTTP" allowedMethods="GET"/>
        <set-variable variableName="code" value="#[message.inboundProperties.'http.query.params'.code == empty ? 'CLE'  :message.inboundProperties.'http.query.params'.code]" doc:name="Variable"/>
        <http:request config-ref="HTTP_Request_Configuration" path="/essentials/united/flights/{destination}" method="GET" doc:name="HTTP">
            <http:request-builder>
                <http:uri-param paramName="destination" value="#[flowVars.code]"/>
            </http:request-builder>
        </http:request>
        <dw:transform-message doc:name="Transform Message" metadata:id="92839b66-da7c-408f-9941-03da15c2a542">
            <dw:input-payload mimeType="application/json"/>
            <dw:set-payload><![CDATA[%dw 1.0
%output application/json
---
payload.flights map ((flight , indexOfFlight) -> {
	airline: flight.airlineName,
	flightCode: flight.code,
	fromAirportCode: flight.origin,
	toAirportCode: flight.destination,
	departureDate: flight.departureDate,
	emptySeats: flight.emptySeats,
	price: flight.price,
	planeType: flight.planeType
})]]></dw:set-payload>
        </dw:transform-message>
        <logger level="INFO" doc:name="Logger"/>
    </flow>
</mule>
